code_INE,move,type,name,source,value
1,Out-migration,International migration,Álava,EVR,0.6201
1,Out-migration,Internal migration,Álava,EVR,1
1,In-migration,International migration,Álava,EVR,0.8807
1,In-migration,Internal migration,Álava,EVR,0.998
2,Out-migration,International migration,Albacete,EVR,0.5676
2,Out-migration,Internal migration,Albacete,EVR,0.9976
2,In-migration,International migration,Albacete,EVR,0.7294
2,In-migration,Internal migration,Albacete,EVR,1.0032
3,Out-migration,International migration,Alicante,EVR,0.7622
3,Out-migration,Internal migration,Alicante,EVR,0.9953
3,In-migration,International migration,Alicante,EVR,0.7487
3,In-migration,Internal migration,Alicante,EVR,1.0028
4,Out-migration,International migration,Almería,EVR,0.7901
4,Out-migration,Internal migration,Almería,EVR,0.9949
4,In-migration,International migration,Almería,EVR,0.7198
4,In-migration,Internal migration,Almería,EVR,1.0161
5,Out-migration,International migration,Ávila,EVR,0.3011
5,Out-migration,Internal migration,Ávila,EVR,1.011
5,In-migration,International migration,Ávila,EVR,0.4964
5,In-migration,Internal migration,Ávila,EVR,1.0008
6,Out-migration,International migration,Badajoz,EVR,0.4725
6,Out-migration,Internal migration,Badajoz,EVR,0.9941
6,In-migration,International migration,Badajoz,EVR,0.7161
6,In-migration,Internal migration,Badajoz,EVR,1.007
7,Out-migration,International migration,Baleares,EVR,0.4903
7,Out-migration,Internal migration,Baleares,EVR,1.0104
7,In-migration,International migration,Baleares,EVR,0.6669
7,In-migration,Internal migration,Baleares,EVR,1.0034
8,Out-migration,International migration,Barcelona,EVR,0.6377
8,Out-migration,Internal migration,Barcelona,EVR,1.011
8,In-migration,International migration,Barcelona,EVR,0.7618
8,In-migration,Internal migration,Barcelona,EVR,1.0053
9,Out-migration,International migration,Burgos,EVR,0.5956
9,Out-migration,Internal migration,Burgos,EVR,0.9938
9,In-migration,International migration,Burgos,EVR,0.7385
9,In-migration,Internal migration,Burgos,EVR,0.9934
10,Out-migration,International migration,Cáceres,EVR,0.3222
10,Out-migration,Internal migration,Cáceres,EVR,1.0062
10,In-migration,International migration,Cáceres,EVR,0.5635
10,In-migration,Internal migration,Cáceres,EVR,0.9985
11,Out-migration,International migration,Cádiz,EVR,0.5293
11,Out-migration,Internal migration,Cádiz,EVR,1.0019
11,In-migration,International migration,Cádiz,EVR,0.7268
11,In-migration,Internal migration,Cádiz,EVR,1.0134
12,Out-migration,International migration,Castellón,EVR,0.8095
12,Out-migration,Internal migration,Castellón,EVR,0.9949
12,In-migration,International migration,Castellón,EVR,0.805
12,In-migration,Internal migration,Castellón,EVR,1.005
13,Out-migration,International migration,Ciudad Real,EVR,0.6434
13,Out-migration,Internal migration,Ciudad Real,EVR,0.9979
13,In-migration,International migration,Ciudad Real,EVR,0.6948
13,In-migration,Internal migration,Ciudad Real,EVR,1.0067
14,Out-migration,International migration,Córdoba,EVR,0.4848
14,Out-migration,Internal migration,Córdoba,EVR,1.0095
14,In-migration,International migration,Córdoba,EVR,0.5197
14,In-migration,Internal migration,Córdoba,EVR,0.908
15,Out-migration,International migration,A Coruña,EVR,0.5464
15,Out-migration,Internal migration,A Coruña,EVR,1.0045
15,In-migration,International migration,A Coruña,EVR,0.7971
15,In-migration,Internal migration,A Coruña,EVR,1.0005
16,Out-migration,International migration,Cuenca,EVR,0.4907
16,Out-migration,Internal migration,Cuenca,EVR,1.0035
16,In-migration,International migration,Cuenca,EVR,0.6358
16,In-migration,Internal migration,Cuenca,EVR,1.0022
17,Out-migration,International migration,Girona,EVR,0.6062
17,Out-migration,Internal migration,Girona,EVR,0.9991
17,In-migration,International migration,Girona,EVR,0.7517
17,In-migration,Internal migration,Girona,EVR,1.011
18,Out-migration,International migration,Granada,EVR,0.4506
18,Out-migration,Internal migration,Granada,EVR,1.0125
18,In-migration,International migration,Granada,EVR,0.6776
18,In-migration,Internal migration,Granada,EVR,1.0043
19,Out-migration,International migration,Guadalajara,EVR,0.6199
19,Out-migration,Internal migration,Guadalajara,EVR,0.9947
19,In-migration,International migration,Guadalajara,EVR,0.7736
19,In-migration,Internal migration,Guadalajara,EVR,1.0032
20,Out-migration,International migration,Gipuzkoa,EVR,0.6942
20,Out-migration,Internal migration,Gipuzkoa,EVR,0.9956
20,In-migration,International migration,Gipuzkoa,EVR,0.8687
20,In-migration,Internal migration,Gipuzkoa,EVR,0.9942
21,Out-migration,International migration,Huelva,EVR,0.4142
21,Out-migration,Internal migration,Huelva,EVR,1.0103
21,In-migration,International migration,Huelva,EVR,0.594
21,In-migration,Internal migration,Huelva,EVR,1.0116
22,Out-migration,International migration,Huesca,EVR,0.5698
22,Out-migration,Internal migration,Huesca,EVR,1.0008
22,In-migration,International migration,Huesca,EVR,0.7295
22,In-migration,Internal migration,Huesca,EVR,0.9942
23,Out-migration,International migration,Jaén,EVR,0.5379
23,Out-migration,Internal migration,Jaén,EVR,0.9976
23,In-migration,International migration,Jaén,EVR,0.7385
23,In-migration,Internal migration,Jaén,EVR,1.0087
24,Out-migration,International migration,León,EVR,0.4708
24,Out-migration,Internal migration,León,EVR,1.0006
24,In-migration,International migration,León,EVR,0.6811
24,In-migration,Internal migration,León,EVR,1.0013
25,Out-migration,International migration,Lleida,EVR,0.67
25,Out-migration,Internal migration,Lleida,EVR,1.0015
25,In-migration,International migration,Lleida,EVR,0.7999
25,In-migration,Internal migration,Lleida,EVR,1.0055
26,Out-migration,International migration,La Rioja,EVR,0.6304
26,Out-migration,Internal migration,La Rioja,EVR,0.9951
26,In-migration,International migration,La Rioja,EVR,0.7157
26,In-migration,Internal migration,La Rioja,EVR,0.9926
27,Out-migration,International migration,Lugo,EVR,0.5568
27,Out-migration,Internal migration,Lugo,EVR,0.9991
27,In-migration,International migration,Lugo,EVR,0.7453
27,In-migration,Internal migration,Lugo,EVR,1.0012
28,Out-migration,International migration,Madrid,EVR,0.697
28,Out-migration,Internal migration,Madrid,EVR,1.0062
28,In-migration,International migration,Madrid,EVR,0.7485
28,In-migration,Internal migration,Madrid,EVR,1.0036
29,Out-migration,International migration,Málaga,EVR,0.5905
29,Out-migration,Internal migration,Málaga,EVR,1.0038
29,In-migration,International migration,Málaga,EVR,0.7898
29,In-migration,Internal migration,Málaga,EVR,1.0108
30,Out-migration,International migration,Murcia,EVR,0.5523
30,Out-migration,Internal migration,Murcia,EVR,0.9933
30,In-migration,International migration,Murcia,EVR,0.7745
30,In-migration,Internal migration,Murcia,EVR,0.9964
31,Out-migration,International migration,Navarra,EVR,0.687
31,Out-migration,Internal migration,Navarra,EVR,0.9931
31,In-migration,International migration,Navarra,EVR,0.8095
31,In-migration,Internal migration,Navarra,EVR,0.9953
32,Out-migration,International migration,Ourense,EVR,0.5428
32,Out-migration,Internal migration,Ourense,EVR,0.9962
32,In-migration,International migration,Ourense,EVR,0.7823
32,In-migration,Internal migration,Ourense,EVR,0.9976
33,Out-migration,International migration,Asturias,EVR,0.606
33,Out-migration,Internal migration,Asturias,EVR,0.9949
33,In-migration,International migration,Asturias,EVR,0.7811
33,In-migration,Internal migration,Asturias,EVR,1.0129
34,Out-migration,International migration,Palencia,EVR,0.59
34,Out-migration,Internal migration,Palencia,EVR,1.0015
34,In-migration,International migration,Palencia,EVR,0.7816
34,In-migration,Internal migration,Palencia,EVR,1.0052
35,Out-migration,International migration,Las Palmas,EVR,0.4736
35,Out-migration,Internal migration,Las Palmas,EVR,1.0016
35,In-migration,International migration,Las Palmas,EVR,0.6761
35,In-migration,Internal migration,Las Palmas,EVR,0.9992
36,Out-migration,International migration,Pontevedra,EVR,0.5205
36,Out-migration,Internal migration,Pontevedra,EVR,0.9978
36,In-migration,International migration,Pontevedra,EVR,0.7446
36,In-migration,Internal migration,Pontevedra,EVR,1.0116
37,Out-migration,International migration,Salamanca,EVR,0.4821
37,Out-migration,Internal migration,Salamanca,EVR,0.9987
37,In-migration,International migration,Salamanca,EVR,0.7325
37,In-migration,Internal migration,Salamanca,EVR,1.0019
38,Out-migration,International migration,Tenerife,EVR,0.3758
38,Out-migration,Internal migration,Tenerife,EVR,0.9983
38,In-migration,International migration,Tenerife,EVR,0.692
38,In-migration,Internal migration,Tenerife,EVR,0.9989
39,Out-migration,International migration,Cantabria,EVR,0.6047
39,Out-migration,Internal migration,Cantabria,EVR,0.9924
39,In-migration,International migration,Cantabria,EVR,0.7918
39,In-migration,Internal migration,Cantabria,EVR,1.0066
40,Out-migration,International migration,Segovia,EVR,0.6358
40,Out-migration,Internal migration,Segovia,EVR,0.9995
40,In-migration,International migration,Segovia,EVR,0.6971
40,In-migration,Internal migration,Segovia,EVR,1.0029
41,Out-migration,International migration,Sevilla,EVR,0.4906
41,Out-migration,Internal migration,Sevilla,EVR,1.0083
41,In-migration,International migration,Sevilla,EVR,0.7048
41,In-migration,Internal migration,Sevilla,EVR,1.009
42,Out-migration,International migration,Soria,EVR,0.6559
42,Out-migration,Internal migration,Soria,EVR,1.0062
42,In-migration,International migration,Soria,EVR,0.7498
42,In-migration,Internal migration,Soria,EVR,1.0103
43,Out-migration,International migration,Tarragona,EVR,0.7798
43,Out-migration,Internal migration,Tarragona,EVR,0.9996
43,In-migration,International migration,Tarragona,EVR,0.7247
43,In-migration,Internal migration,Tarragona,EVR,1.0106
44,Out-migration,International migration,Teruel,EVR,0.6248
44,Out-migration,Internal migration,Teruel,EVR,0.9988
44,In-migration,International migration,Teruel,EVR,0.8395
44,In-migration,Internal migration,Teruel,EVR,0.9962
45,Out-migration,International migration,Toledo,EVR,0.5523
45,Out-migration,Internal migration,Toledo,EVR,1.0032
45,In-migration,International migration,Toledo,EVR,0.6879
45,In-migration,Internal migration,Toledo,EVR,0.9901
46,Out-migration,International migration,Valencia,EVR,0.6873
46,Out-migration,Internal migration,Valencia,EVR,1.0036
46,In-migration,International migration,Valencia,EVR,0.7607
46,In-migration,Internal migration,Valencia,EVR,1
47,Out-migration,International migration,Valladolid,EVR,0.5916
47,Out-migration,Internal migration,Valladolid,EVR,0.9872
47,In-migration,International migration,Valladolid,EVR,0.7877
47,In-migration,Internal migration,Valladolid,EVR,1.0034
48,Out-migration,International migration,Bizkaia,EVR,0.6367
48,Out-migration,Internal migration,Bizkaia,EVR,1.0074
48,In-migration,International migration,Bizkaia,EVR,0.8361
48,In-migration,Internal migration,Bizkaia,EVR,1.002
49,Out-migration,International migration,Zamora,EVR,0.5077
49,Out-migration,Internal migration,Zamora,EVR,1.0024
49,In-migration,International migration,Zamora,EVR,0.6568
49,In-migration,Internal migration,Zamora,EVR,0.9939
50,Out-migration,International migration,Zaragoza,EVR,1.6725
50,Out-migration,Internal migration,Zaragoza,EVR,0.99
50,In-migration,International migration,Zaragoza,EVR,0.8154
50,In-migration,Internal migration,Zaragoza,EVR,1.0082
1,Out-migration,International migration,Álava,EM,0.5607
1,Out-migration,Internal migration,Álava,EM,0.7498
1,In-migration,International migration,Álava,EM,0.6093
1,In-migration,Internal migration,Álava,EM,0.7056
2,Out-migration,International migration,Albacete,EM,0.5963
2,Out-migration,Internal migration,Albacete,EM,0.7514
2,In-migration,International migration,Albacete,EM,0.5504
2,In-migration,Internal migration,Albacete,EM,0.755
3,Out-migration,International migration,Alicante,EM,0.6957
3,Out-migration,Internal migration,Alicante,EM,0.6596
3,In-migration,International migration,Alicante,EM,0.6376
3,In-migration,Internal migration,Alicante,EM,0.6959
4,Out-migration,International migration,Almería,EM,0.6543
4,Out-migration,Internal migration,Almería,EM,0.7803
4,In-migration,International migration,Almería,EM,0.5661
4,In-migration,Internal migration,Almería,EM,0.7365
5,Out-migration,International migration,Ávila,EM,0.3597
5,Out-migration,Internal migration,Ávila,EM,0.7309
5,In-migration,International migration,Ávila,EM,0.4627
5,In-migration,Internal migration,Ávila,EM,0.8448
6,Out-migration,International migration,Badajoz,EM,0.4701
6,Out-migration,Internal migration,Badajoz,EM,0.7872
6,In-migration,International migration,Badajoz,EM,0.5701
6,In-migration,Internal migration,Badajoz,EM,0.7965
7,Out-migration,International migration,Baleares,EM,0.4283
7,Out-migration,Internal migration,Baleares,EM,0.7579
7,In-migration,International migration,Baleares,EM,0.5597
7,In-migration,Internal migration,Baleares,EM,0.6984
8,Out-migration,International migration,Barcelona,EM,0.4819
8,Out-migration,Internal migration,Barcelona,EM,0.7541
8,In-migration,International migration,Barcelona,EM,0.5803
8,In-migration,Internal migration,Barcelona,EM,0.6986
9,Out-migration,International migration,Burgos,EM,0.5652
9,Out-migration,Internal migration,Burgos,EM,0.7192
9,In-migration,International migration,Burgos,EM,0.5917
9,In-migration,Internal migration,Burgos,EM,0.7393
10,Out-migration,International migration,Cáceres,EM,0.4629
10,Out-migration,Internal migration,Cáceres,EM,0.811
10,In-migration,International migration,Cáceres,EM,0.4904
10,In-migration,Internal migration,Cáceres,EM,0.8136
11,Out-migration,International migration,Cádiz,EM,0.5274
11,Out-migration,Internal migration,Cádiz,EM,0.752
11,In-migration,International migration,Cádiz,EM,0.6182
11,In-migration,Internal migration,Cádiz,EM,0.8134
12,Out-migration,International migration,Castellón,EM,0.6032
12,Out-migration,Internal migration,Castellón,EM,0.7027
12,In-migration,International migration,Castellón,EM,0.5696
12,In-migration,Internal migration,Castellón,EM,0.7331
13,Out-migration,International migration,Ciudad Real,EM,0.5859
13,Out-migration,Internal migration,Ciudad Real,EM,0.7272
13,In-migration,International migration,Ciudad Real,EM,0.5633
13,In-migration,Internal migration,Ciudad Real,EM,0.7626
14,Out-migration,International migration,Córdoba,EM,0.4632
14,Out-migration,Internal migration,Córdoba,EM,0.8244
14,In-migration,International migration,Córdoba,EM,0.4809
14,In-migration,Internal migration,Córdoba,EM,0.8342
15,Out-migration,International migration,A Coruña,EM,0.5023
15,Out-migration,Internal migration,A Coruña,EM,0.7314
15,In-migration,International migration,A Coruña,EM,0.6746
15,In-migration,Internal migration,A Coruña,EM,0.7685
16,Out-migration,International migration,Cuenca,EM,0.4549
16,Out-migration,Internal migration,Cuenca,EM,0.714
16,In-migration,International migration,Cuenca,EM,0.5111
16,In-migration,Internal migration,Cuenca,EM,0.7762
17,Out-migration,International migration,Girona,EM,0.5649
17,Out-migration,Internal migration,Girona,EM,0.7147
17,In-migration,International migration,Girona,EM,0.5383
17,In-migration,Internal migration,Girona,EM,0.7716
18,Out-migration,International migration,Granada,EM,0.4284
18,Out-migration,Internal migration,Granada,EM,0.7756
18,In-migration,International migration,Granada,EM,0.5718
18,In-migration,Internal migration,Granada,EM,0.7836
19,Out-migration,International migration,Guadalajara,EM,0.6267
19,Out-migration,Internal migration,Guadalajara,EM,0.7198
19,In-migration,International migration,Guadalajara,EM,0.5636
19,In-migration,Internal migration,Guadalajara,EM,0.7254
20,Out-migration,International migration,Gipuzkoa,EM,0.5905
20,Out-migration,Internal migration,Gipuzkoa,EM,0.7307
20,In-migration,International migration,Gipuzkoa,EM,0.6038
20,In-migration,Internal migration,Gipuzkoa,EM,0.6689
21,Out-migration,International migration,Huelva,EM,0.3407
21,Out-migration,Internal migration,Huelva,EM,0.7963
21,In-migration,International migration,Huelva,EM,0.4717
21,In-migration,Internal migration,Huelva,EM,0.8125
22,Out-migration,International migration,Huesca,EM,0.5305
22,Out-migration,Internal migration,Huesca,EM,0.7071
22,In-migration,International migration,Huesca,EM,0.5564
22,In-migration,Internal migration,Huesca,EM,0.7871
23,Out-migration,International migration,Jaén,EM,0.4558
23,Out-migration,Internal migration,Jaén,EM,0.8205
23,In-migration,International migration,Jaén,EM,0.6088
23,In-migration,Internal migration,Jaén,EM,0.8314
24,Out-migration,International migration,León,EM,0.4549
24,Out-migration,Internal migration,León,EM,0.7663
24,In-migration,International migration,León,EM,0.5476
24,In-migration,Internal migration,León,EM,0.8138
25,Out-migration,International migration,Lleida,EM,0.5787
25,Out-migration,Internal migration,Lleida,EM,0.7316
25,In-migration,International migration,Lleida,EM,0.5614
25,In-migration,Internal migration,Lleida,EM,0.736
26,Out-migration,International migration,La Rioja,EM,0.5999
26,Out-migration,Internal migration,La Rioja,EM,0.6979
26,In-migration,International migration,La Rioja,EM,0.5848
26,In-migration,Internal migration,La Rioja,EM,0.7377
27,Out-migration,International migration,Lugo,EM,0.5081
27,Out-migration,Internal migration,Lugo,EM,0.7413
27,In-migration,International migration,Lugo,EM,0.6115
27,In-migration,Internal migration,Lugo,EM,0.756
28,Out-migration,International migration,Madrid,EM,0.547
28,Out-migration,Internal migration,Madrid,EM,0.7461
28,In-migration,International migration,Madrid,EM,0.6111
28,In-migration,Internal migration,Madrid,EM,0.6998
29,Out-migration,International migration,Málaga,EM,0.5493
29,Out-migration,Internal migration,Málaga,EM,0.713
29,In-migration,International migration,Málaga,EM,0.6501
29,In-migration,Internal migration,Málaga,EM,0.7622
30,Out-migration,International migration,Murcia,EM,0.5278
30,Out-migration,Internal migration,Murcia,EM,0.6714
30,In-migration,International migration,Murcia,EM,0.6035
30,In-migration,Internal migration,Murcia,EM,0.7069
31,Out-migration,International migration,Navarra,EM,0.5697
31,Out-migration,Internal migration,Navarra,EM,0.6917
31,In-migration,International migration,Navarra,EM,0.6052
31,In-migration,Internal migration,Navarra,EM,0.6864
32,Out-migration,International migration,Ourense,EM,0.47
32,Out-migration,Internal migration,Ourense,EM,0.7084
32,In-migration,International migration,Ourense,EM,0.6959
32,In-migration,Internal migration,Ourense,EM,0.7383
33,Out-migration,International migration,Asturias,EM,0.5654
33,Out-migration,Internal migration,Asturias,EM,0.7158
33,In-migration,International migration,Asturias,EM,0.6446
33,In-migration,Internal migration,Asturias,EM,0.7697
34,Out-migration,International migration,Palencia,EM,0.6597
34,Out-migration,Internal migration,Palencia,EM,0.7501
34,In-migration,International migration,Palencia,EM,0.6406
34,In-migration,Internal migration,Palencia,EM,0.784
35,Out-migration,International migration,Las Palmas,EM,0.4896
35,Out-migration,Internal migration,Las Palmas,EM,0.7323
35,In-migration,International migration,Las Palmas,EM,0.5642
35,In-migration,Internal migration,Las Palmas,EM,0.7143
36,Out-migration,International migration,Pontevedra,EM,0.4628
36,Out-migration,Internal migration,Pontevedra,EM,0.7217
36,In-migration,International migration,Pontevedra,EM,0.6345
36,In-migration,Internal migration,Pontevedra,EM,0.787
37,Out-migration,International migration,Salamanca,EM,0.5977
37,Out-migration,Internal migration,Salamanca,EM,0.7546
37,In-migration,International migration,Salamanca,EM,0.6722
37,In-migration,Internal migration,Salamanca,EM,0.7998
38,Out-migration,International migration,Tenerife,EM,0.3463
38,Out-migration,Internal migration,Tenerife,EM,0.6636
38,In-migration,International migration,Tenerife,EM,0.6042
38,In-migration,Internal migration,Tenerife,EM,0.6977
39,Out-migration,International migration,Cantabria,EM,0.5674
39,Out-migration,Internal migration,Cantabria,EM,0.6775
39,In-migration,International migration,Cantabria,EM,0.6482
39,In-migration,Internal migration,Cantabria,EM,0.7605
40,Out-migration,International migration,Segovia,EM,0.7763
40,Out-migration,Internal migration,Segovia,EM,0.7278
40,In-migration,International migration,Segovia,EM,0.5793
40,In-migration,Internal migration,Segovia,EM,0.8125
41,Out-migration,International migration,Sevilla,EM,0.5342
41,Out-migration,Internal migration,Sevilla,EM,0.785
41,In-migration,International migration,Sevilla,EM,0.5651
41,In-migration,Internal migration,Sevilla,EM,0.8181
42,Out-migration,International migration,Soria,EM,0.545
42,Out-migration,Internal migration,Soria,EM,0.6559
42,In-migration,International migration,Soria,EM,0.6309
42,In-migration,Internal migration,Soria,EM,0.7487
43,Out-migration,International migration,Tarragona,EM,0.7281
43,Out-migration,Internal migration,Tarragona,EM,0.7209
43,In-migration,International migration,Tarragona,EM,0.562
43,In-migration,Internal migration,Tarragona,EM,0.762
44,Out-migration,International migration,Teruel,EM,0.5469
44,Out-migration,Internal migration,Teruel,EM,0.7534
44,In-migration,International migration,Teruel,EM,0.6368
44,In-migration,Internal migration,Teruel,EM,0.7705
45,Out-migration,International migration,Toledo,EM,0.4913
45,Out-migration,Internal migration,Toledo,EM,0.703
45,In-migration,International migration,Toledo,EM,0.4882
45,In-migration,Internal migration,Toledo,EM,0.7309
46,Out-migration,International migration,Valencia,EM,0.4322
46,Out-migration,Internal migration,Valencia,EM,0.7043
46,In-migration,International migration,Valencia,EM,0.6231
46,In-migration,Internal migration,Valencia,EM,0.7069
47,Out-migration,International migration,Valladolid,EM,0.5715
47,Out-migration,Internal migration,Valladolid,EM,0.7514
47,In-migration,International migration,Valladolid,EM,0.6208
47,In-migration,Internal migration,Valladolid,EM,0.7701
48,Out-migration,International migration,Bizkaia,EM,0.5536
48,Out-migration,Internal migration,Bizkaia,EM,0.7689
48,In-migration,International migration,Bizkaia,EM,0.5801
48,In-migration,Internal migration,Bizkaia,EM,0.6737
49,Out-migration,International migration,Zamora,EM,0.5445
49,Out-migration,Internal migration,Zamora,EM,0.7891
49,In-migration,International migration,Zamora,EM,0.537
49,In-migration,Internal migration,Zamora,EM,0.8228
50,Out-migration,International migration,Zaragoza,EM,1.3597
50,Out-migration,Internal migration,Zaragoza,EM,0.7511
50,In-migration,International migration,Zaragoza,EM,0.558
50,In-migration,Internal migration,Zaragoza,EM,0.7304
